HYBAS_ID,X,Y,beetle
7120075220,-103.6312486,19.95855686,1
7120077230,-103.5486806,19.73995206,1
7120077560,-102.5605366,19.75057844,1
7120078100,-102.1953409,19.69061426,1
7120079030,-101.9787231,19.67107678,1
7120081240,-101.9400337,19.5955094,1
7120081270,-102.0593276,19.73928745,1
7120087190,-102.2209968,19.72814151,1
7120799620,-106.4121418,25.81010286,1
7120799640,-106.3692606,25.71417705,1
7120799860,-106.5756473,25.75048697,1
7120799910,-106.4819704,25.75994982,1
7120800160,-106.5248242,25.67557642,1
7120800190,-106.4620846,25.65164876,1
7120800260,-106.6996548,25.71726122,1
7120800650,-106.0846724,25.66216755,1
7120800670,-106.1011419,25.51581758,1
7120800690,-106.5964984,25.62794157,1
7120801060,-106.6532007,25.53896368,1
7120801080,-106.5473823,25.51587109,1
7120801920,-106.0189736,25.50558208,1
7120802010,-106.0350109,25.39008448,1
7120802060,-106.5728082,25.4274283,1
7120802120,-106.4597883,25.46147165,1
7120802130,-106.4913786,25.36875746,1
7120802330,-106.3440355,25.40519107,1
7120802400,-106.4086768,25.31937959,1
7120802580,-105.8096258,25.42480326,1
7120802720,-106.1685519,25.38414513,1
7120802740,-106.1826569,25.29295538,1
7120802750,-105.7906363,25.20814522,1
7120802840,-106.2757077,25.32825667,1
7120802850,-106.2887828,25.24619118,1
7120802940,-105.6219531,25.38394701,1
7120802990,-106.1000084,25.29439956,1
7120803040,-106.1260227,25.19081387,1
7120803050,-105.7245076,25.16156251,1
7120803090,-105.6596054,25.16466302,1
7120803410,-105.8975969,25.18435567,1
7120803420,-105.5299316,25.17474028,1
7120803430,-105.4366727,25.1478339,1
7120803470,-105.9559446,25.14587491,1
7120804360,-105.5268305,25.02620663,1
7120804990,-105.4815362,24.90755978,1
7120805020,-105.3607743,24.91382543,1
7120805480,-106.1763525,24.99071336,1
7120805490,-106.1078649,24.93265319,1
7120805600,-106.0623929,24.86153011,1
7120805620,-105.7914245,24.96801757,1
7120805630,-105.6611486,24.91490104,1
7120805880,-105.7409417,24.83492784,1
7120805930,-105.4487795,24.76763044,1
7120805980,-105.6384503,24.83517534,1
7120805990,-105.2891307,24.76690681,1
7120806210,-105.8795055,24.89371585,1
7120806220,-105.7606566,24.77832845,1
7120806580,-106.0494797,24.76410641,1
7120806590,-105.8151582,24.797957,1
7120806640,-105.967165,24.67356809,1
7120806650,-105.6636138,24.7553911,1
7120806660,-105.2104234,24.68310407,1
7120806690,-105.2359139,24.61547081,1
7120807070,-105.6122492,24.65199178,1
7120807100,-105.6057268,24.5531506,1
7120807220,-105.673656,24.661585,1
7120807260,-105.7018373,24.51662068,1
7120807350,-105.8482782,24.67982728,1
7120807360,-105.3470288,24.5212472,1
7120807390,-105.8052179,24.59207935,1
7120807440,-104.964484,24.57399548,1
7120807470,-105.847271,24.56625136,1
7120807500,-105.7996651,24.48869589,1
7120807810,-105.018008,24.50484987,1
7120807830,-104.9446459,24.40718767,1
7120808380,-105.4492301,24.44487012,1
7120808410,-105.3961206,24.38053082,1
7120808720,-105.6816992,24.39873245,1
7120809160,-105.7102281,24.29784571,1
7120809170,-105.6332035,24.31028414,1
7120809190,-105.2822512,24.25470344,1
7120809200,-105.5271072,24.33257289,1
7120809210,-105.1918033,24.20141905,1
7120809380,-105.5324401,24.25273723,1
7120809390,-105.2466078,24.14896097,1
7120809400,-105.1275029,24.1689725,1
7120809490,-105.5856124,24.16569633,1
7120809910,-105.0640899,24.15303279,1
7120810310,-105.453833,24.13722806,1
7120810320,-105.4294156,24.03897156,1
7120810610,-105.3497786,24.07652998,1
7120810660,-105.366413,23.97217552,1
7120810910,-105.292934,24.06336442,1
7120810940,-104.7345329,23.93263726,1
7120810980,-105.3130558,23.9307922,1
7120811050,-104.6193828,23.8849222,1
7120811080,-104.5616488,23.85076752,1
7120811380,-105.3931327,23.89554824,1
7120811460,-104.886958,24.00199404,1
7120811470,-104.5181427,23.78327035,1
7120811490,-104.8909669,23.91100099,1
7120811750,-104.9815487,23.9326786,1
7120811760,-104.9192314,23.80163706,1
7120811900,-104.8349483,23.87211055,1
7120811920,-104.8005626,23.79080018,1
7120812150,-105.1027332,23.83549518,1
7120812170,-105.0830736,23.75799181,1
7120812270,-105.2801176,23.80792832,1
7120812300,-105.1938966,23.75242611,1
7120812450,-104.7665417,23.68804091,1
7120812480,-104.870658,23.68327649,1
7120812590,-104.5928654,23.64521505,1
7120812610,-104.6663235,23.57530816,1
7120812910,-104.446672,23.69905766,1
7120813390,-105.1947639,23.62856147,1
7120813840,-105.0622621,23.53250043,1
7120813890,-105.0390769,23.46813055,1
7120814150,-104.927235,23.4245298,1
7120832720,-104.6988927,20.31317832,1
7120833680,-103.5625563,20.18644619,1
7120834720,-103.7651511,20.17615136,1
7120834730,-105.0098165,20.26838989,1
7120834760,-104.9371174,20.21859391,1
7120834770,-103.7377988,20.08029747,1
7120834970,-103.3277399,20.030083,1
7120835490,-103.0831894,19.99291989,1
7120835670,-102.3384174,19.90748227,1
7120835700,-103.5094517,20.06398233,1
7120835740,-103.4380897,19.97374897,1
7120835960,-102.0196298,19.93202113,1
7120836060,-103.578243,20.01699794,1
7120836160,-101.2649031,19.98191634,1
7120836460,-102.9242726,19.94584429,1
7120836530,-102.2493789,19.79720296,1
7120836540,-102.1448508,19.86993254,1
7120836990,-100.9239153,19.75456284,1
7120837050,-101.6233101,19.77092831,1
7120837120,-101.8322489,19.80192913,1
7120837130,-100.8373315,19.74382458,1
7120837140,-100.7603883,19.82596313,1
7120837350,-103.0913162,19.89140682,1
7120837370,-103.0353316,19.8474939,1
7120837400,-101.8179511,19.71908642,1
7120837500,-103.4874349,19.80994505,1
7120837510,-103.2268622,19.8153909,1
7120837580,-103.5210014,19.70961189,1
7120837730,-103.0039737,19.76362793,1
7120837870,-103.6842804,19.65242144,1
7120837950,-104.1814878,19.61185573,1
7120837990,-103.3769246,19.71385629,1
7120838000,-103.2813385,19.74295127,1
7120838020,-100.6888382,19.63705244,1
7120838030,-100.6226972,19.58505086,1
7120838350,-102.4713624,19.72715437,1
7120838420,-101.6118483,19.53831835,1
7120838500,-102.4170047,19.67333589,1
7120838640,-104.0321797,19.56675877,1
7120838780,-102.3409343,19.62566389,1
7120838910,-101.3951901,19.54516718,1
7120838940,-101.3335323,19.47442529,1
7120839000,-101.0053017,19.60145501,1
7120839030,-101.0771777,19.55750135,1
7120839100,-102.5819508,19.62488079,1
7120839240,-100.9589099,19.50915374,1
7120839250,-100.9050825,19.61522538,1
7120839350,-103.7352818,19.54757589,1
7120839410,-100.8250489,19.5802052,1
7120839650,-103.4581896,19.48834276,1
7120839660,-103.1512624,19.42581703,1
7120839740,-103.545995,19.49819985,1
7120839940,-103.7720329,19.48270531,1
7120839950,-103.6886101,19.46483933,1
7120840060,-103.0296974,19.42099772,1
7120840160,-103.0565308,19.34871009,1
7120840280,-101.0927997,19.45372699,1
7120840310,-101.1783693,19.45254264,1
7120840880,-101.9847522,19.42659053,1
7120841210,-101.7406381,19.3249135,1
7120841220,-101.0477178,19.32286356,1
7120841460,-103.0590009,19.26542809,1
7120841480,-103.5394427,19.33480461,1
7120841520,-103.0415155,19.21281975,1
7120841620,-101.8599631,19.26457109,1
7120841690,-101.7749141,19.25041259,1
7120841880,-100.8872045,19.26682356,1
7120842160,-102.0790923,19.28358113,1
7120842220,-101.9568309,19.26938018,1
7120842380,-103.3510726,19.24421375,1
7120842390,-103.2807451,19.19732976,1
7120842980,-102.3987966,19.15375133,1
7120843240,-102.9013775,18.94720919,1
7120843370,-102.3411649,19.19351329,1
7120843960,-103.2865299,18.92448302,1
7120844300,-102.467756,18.82408302,1
7120844620,-102.8757922,18.82731507,1
7120844630,-102.7869474,18.80384262,1
7120844640,-102.389237,18.80030867,1
7120845740,-102.309571,18.7810823,1
7120845890,-103.0232827,18.77935766,1
7120846240,-102.3311323,18.68985394,1
7120847430,-102.6146408,18.6589753,1
7121184940,-106.222612,25.84250189,1
7121185170,-106.281751,25.7663743,1
7121185490,-106.2491251,25.63472548,1
7121185590,-106.1535623,25.61353541,1
7121185600,-106.1910157,25.58391842,1
7121185690,-106.4060485,25.59796251,1
7121185930,-106.3541107,25.51484254,1
7121185970,-106.2644201,25.49268815,1
7121186240,-105.9279743,25.41303396,1
7121186280,-105.8736095,25.41450715,1
7121186420,-105.8303015,25.30416357,1
7121186570,-105.9987341,25.27981186,1
7121186610,-106.417234,25.21010608,1
7121186770,-105.5929347,25.27842297,1
7121186830,-106.3139548,25.14581546,1
7121186930,-106.2717728,25.08198496,1
7121186970,-105.7115571,25.05712169,1
7121187020,-106.1745371,25.11301186,1
7121187100,-105.4424238,25.09296295,1
7121187240,-106.0109159,25.07569594,1
7121187260,-105.9020129,25.03535126,1
7121187340,-105.4050833,24.97982633,1
7121187360,-106.0259912,24.9867018,1
7121187570,-105.6372543,24.96764161,1
7121187690,-105.3443376,24.8529337,1
7121187810,-105.1283881,24.78088928,1
7121187990,-105.9521487,24.81436805,1
7121188070,-105.0813349,24.67791575,1
7121188350,-105.5293342,24.67161456,1
7121188440,-104.9171611,24.63788096,1
7121188610,-105.5183637,24.51793043,1
7121188650,-105.2007837,24.50074137,1
7121188700,-105.1748315,24.46146489,1
7121188800,-105.1104874,24.40437031,1
7121188930,-105.1856267,24.33571309,1
7121189190,-105.2207074,24.29914618,1
7121189200,-105.0083769,24.30772215,1
7121189340,-105.423595,24.23663877,1
7121189450,-105.1497738,24.07597824,1
7121189670,-104.9760615,24.06703248,1
7121189860,-105.2172364,23.97665288,1
7121189870,-105.0811684,23.94319471,1
7121189890,-105.2051595,23.8831412,1
7121189960,-104.7038617,23.83384279,1
7121190180,-104.6770668,23.73684865,1
7121190340,-104.995259,23.69584382,1
7121190370,-105.2761708,23.70965416,1
7121190440,-104.8038158,23.575402,1
7121190620,-105.0761518,23.62582118,1
7121190800,-104.923129,23.54966202,1
7121190920,-104.7644087,23.47681209,1
7121191170,-104.8600433,23.35551427,1
7121199070,-104.8252874,20.29962734,1
7121199870,-103.2297606,20.04596506,1
7121200140,-101.1366627,20.05839483,1
7121200190,-102.4145637,19.90745739,1
7121200320,-103.7361953,19.97619969,1
7121200380,-100.6260834,19.87649853,1
7121200410,-101.9450909,19.83229713,1
7121200440,-103.3375436,19.91907556,1
7121200460,-103.7633361,19.9103937,1
7121200470,-101.5280773,19.86299033,1
7121200500,-103.8962329,19.92487995,1
7121200510,-102.0710608,19.81936709,1
7121200570,-102.877986,19.85699735,1
7121200650,-103.1902687,19.89692908,1
7121200730,-102.4794738,19.8238623,1
7121200760,-101.0024596,19.71382853,1
7121200770,-101.1156636,19.71137653,1
7121200800,-103.3537613,19.82128799,1
7121200830,-103.5179509,19.66260176,1
7121200930,-101.1704393,19.65837176,1
7121200950,-100.6376236,19.7413567,1
7121201040,-100.7486545,19.69964794,1
7121201080,-101.5172322,19.67001401,1
7121201090,-102.1650699,19.61181152,1
7121201140,-100.5379484,19.70992484,1
7121201180,-104.0818642,19.64234106,1
7121201260,-101.2519173,19.55267718,1
7121201350,-101.5294998,19.55364199,1
7121201390,-101.4681199,19.49863125,1
7121201430,-102.2355601,19.50371519,1
7121201480,-101.8245387,19.58994885,1
7121201610,-102.1010193,19.51827048,1
7121201690,-104.1551432,19.50163036,1
7121201780,-101.8964559,19.48981256,1
7121201790,-100.7539087,19.49251174,1
7121201810,-101.5885391,19.41319082,1
7121201820,-103.2164251,19.34313342,1
7121201840,-101.2742569,19.39794421,1
7121201880,-102.0506805,19.41392755,1
7121201890,-100.8934638,19.42436156,1
7121201940,-102.4012583,19.36602936,1
7121201960,-103.5115395,19.41105487,1
7121202000,-100.9288281,19.35265856,1
7121202020,-103.3515663,19.36966432,1
7121202070,-102.2660282,19.35562054,1
7121202080,-102.127104,19.39618953,1
7121202160,-101.4064457,19.34958075,1
7121202310,-101.4549605,19.31137822,1
7121202330,-102.2108588,19.30858886,1
7121202460,-102.4059122,19.26451815,1
7121202570,-100.9801073,19.20760092,1
7121202790,-103.1154731,19.11792573,1
7121202870,-102.9910284,19.0086572,1
7121203090,-103.1073861,18.98369579,1
7121203150,-102.799537,18.92177847,1
7121203380,-102.5997085,18.82273167,1
7121203590,-103.0963578,18.88477329,1
7121203600,-102.6724791,18.78429943,1
7121204270,-102.4209341,18.6540648,1
7121204320,-102.7399066,18.68598873,1
7121204400,-102.4563514,18.59057749,1
7120003940,-93.84943957,16.2694176,0
7120004350,-95.95091621,15.95509363,0
7120005100,-100.4110044,17.25523282,0
7120005460,-102.4648738,18.19260065,0
7120005540,-102.8835275,18.27849914,0
7120005580,-103.0609356,18.3076945,0
7120006180,-105.2664112,20.46003348,0
7120006320,-105.0743408,21.38140574,0
7120012190,-116.439224,31.94679164,0
7120012210,-116.480949,32.00566591,0
7120055610,-115.243052,28.18650351,0
7120074600,-97.54045949,19.27279143,0
7120074660,-101.2892208,24.75319051,0
7120075180,-100.2176197,23.47146632,0
7120076520,-91.82009628,16.25683527,0
7120077290,-102.6057686,28.57554476,0
7120077770,-100.7732691,25.32879779,0
7120078040,-101.0616926,24.41083618,0
7120078480,-102.4471377,28.41662698,0
7120078710,-92.6042223,16.70272795,0
7120078910,-101.3311165,25.10019232,0
7120079320,-102.393025,28.27470814,0
7120080520,-99.67033706,23.55117649,0
7120080840,-101.2180483,25.04106142,0
7120080940,-100.9823744,25.00331138,0
7120081000,-101.0929473,25.08539456,0
7120081290,-99.94121911,24.32359845,0
7120081340,-100.5566922,25.175366,0
7120081510,-100.5382901,25.21815527,0
7120082210,-99.7536218,23.58451207,0
7120082370,-100.7827498,25.2645857,0
7120083410,-100.002994,24.57575661,0
7120083900,-99.7738476,23.66105022,0
7120083980,-99.89577149,24.25475978,0
7120084050,-101.0035399,25.12223733,0
7120084490,-99.71599266,23.4911504,0
7120084500,-100.0619263,24.55296187,0
7120084570,-97.46086879,19.68315212,0
7120084820,-92.25186349,16.49116761,0
7120085150,-101.7350055,25.23515598,0
7120085430,-101.2523656,25.09504857,0
7120085520,-99.67941767,23.43383796,0
7120085840,-103.6529047,24.03887337,0
7120085870,-100.0581666,24.48411049,0
7120085940,-99.47681253,19.05783121,0
7120086070,-98.44350857,19.95091998,0
7120086780,-101.7087126,25.26420015,0
7120086890,-100.1160763,24.4874372,0
7120087090,-99.19975396,20.9899215,0
7120087560,-99.81947689,23.43000323,0
7120088040,-99.12894003,21.03944814,0
7120089060,-100.0410886,24.4495434,0
7120089440,-99.58210811,17.46501713,0
7120709300,-116.1705039,32.60896525,0
7120710320,-116.0204142,32.5934147,0
7120710330,-115.9688951,32.50832401,0
7120714740,-116.4620623,32.41155072,0
7120715020,-115.7873021,32.41131838,0
7120715190,-115.849026,32.3458775,0
7120715310,-115.8751947,32.26241262,0
7120715820,-116.1200544,32.21595485,0
7120715830,-116.0377903,32.28120757,0
7120715900,-116.1085535,32.27388001,0
7120716250,-115.782877,32.24089283,0
7120719640,-116.3208086,32.19457168,0
7120719750,-116.2429602,32.13990054,0
7120721680,-116.0185134,32.09746037,0
7120721780,-115.9531047,32.02570682,0
7120721790,-115.7787295,32.0086126,0
7120721920,-115.7903203,31.95676105,0
7120722100,-115.7056905,31.89238693,0
7120722630,-116.1373784,32.07165659,0
7120725880,-115.6471416,31.80316926,0
7120726780,-115.6630666,31.70845362,0
7120731210,-115.9899382,31.56720879,0
7120734680,-108.9173848,31.37461489,0
7120734690,-108.7975709,31.33301928,0
7120735090,-115.6043443,31.34074417,0
7120735230,-115.6362061,31.23255308,0
7120736920,-108.8688602,31.24188248,0
7120737020,-108.9238111,31.19820251,0
7120737500,-115.4937863,31.30204294,0
7120737630,-115.4764696,31.21769434,0
7120737640,-108.6536488,31.24473488,0
7120738120,-115.4222608,31.15723461,0
7120738520,-115.3950003,31.07472883,0
7120739220,-109.0507212,31.16265949,0
7120739230,-108.6564282,31.18826736,0
7120739520,-115.662101,31.15300307,0
7120739620,-115.5944061,31.079902,0
7120741730,-108.7229461,31.09859757,0
7120742000,-110.6505098,31.05663121,0
7120742050,-108.793797,31.08233703,0
7120744380,-105.3952743,30.84947833,0
7120744410,-105.3647274,30.70598788,0
7120744470,-110.6702809,30.85587946,0
7120744520,-110.6798246,30.76503442,0
7120744570,-115.5517773,30.84926639,0
7120744650,-115.5437044,30.78626782,0
7120744750,-115.6293216,30.90808898,0
7120745750,-109.973765,30.84105518,0
7120746020,-105.2682623,30.61468203,0
7120746130,-115.2147592,30.66740255,0
7120749640,-115.3643184,30.59325378,0
7120749650,-115.3061494,30.60834721,0
7120756500,-108.7545049,29.98783053,0
7120757020,-108.3340805,29.98764531,0
7120757360,-108.4531288,30.03722539,0
7120757370,-108.2453704,29.95879494,0
7120758940,-108.7389409,29.88557202,0
7120759120,-108.5670855,29.97596546,0
7120759180,-108.5151572,29.89333695,0
7120759400,-108.1027407,29.85874736,0
7120759470,-108.7207811,29.8064161,0
7120759990,-108.6258166,29.75318776,0
7120760100,-108.4949307,29.80594997,0
7120760160,-108.5407832,29.72600341,0
7120761750,-108.2731582,29.72292975,0
7120761790,-108.386093,29.63228155,0
7120763020,-108.2292276,29.65703337,0
7120763080,-108.1288689,29.63497692,0
7120763530,-102.1799313,29.43535577,0
7120763590,-108.6695739,29.63268701,0
7120763600,-108.603136,29.59094276,0
7120763630,-102.2694073,29.47300982,0
7120763780,-108.2460155,29.55780694,0
7120763790,-108.1470346,29.51841248,0
7120764950,-114.0169934,29.36928999,0
7120765030,-108.3605294,29.47972524,0
7120765140,-108.2734819,29.48911486,0
7120765310,-108.0953991,29.42595999,0
7120765320,-107.9980427,29.53810843,0
7120765390,-108.4922472,29.48395816,0
7120765830,-108.2710187,29.36866476,0
7120766070,-102.7102467,29.21982879,0
7120766460,-102.2577951,29.19198975,0
7120767420,-102.5426854,29.19983764,0
7120767470,-102.6217775,29.15290072,0
7120767600,-102.4728282,29.06399682,0
7120767820,-101.9281743,29.19286433,0
7120767870,-101.9292857,29.11960113,0
7120767980,-102.0660627,29.14835734,0
7120768030,-102.0319487,29.11377033,0
7120769080,-102.2439557,29.09000134,0
7120769390,-102.7210404,29.0910228,0
7120769580,-106.5225006,29.00767557,0
7120770190,-108.3856776,28.98806495,0
7120770650,-102.691408,28.95328898,0
7120771890,-108.3279153,28.78152331,0
7120771920,-102.5823355,28.88865574,0
7120772110,-108.1918476,28.75711286,0
7120772120,-106.6681303,28.875724,0
7120773170,-108.2206825,28.6866781,0
7120773320,-108.1642003,28.63197186,0
7120773330,-108.0627365,28.62966346,0
7120773950,-102.0985765,28.77478524,0
7120774840,-102.477484,28.58179235,0
7120774920,-102.0244285,28.53138113,0
7120774970,-107.8873986,28.48963576,0
7120775560,-107.8317333,28.40134307,0
7120775610,-108.8730509,28.42715838,0
7120775660,-108.7364904,28.41468678,0
7120775750,-107.6732695,28.37632265,0
7120775790,-107.7186318,28.27850977,0
7120776120,-107.5054029,28.33944346,0
7120776310,-109.1008721,28.42977033,0
7120776540,-107.9196675,28.3816249,0
7120776560,-107.8113184,28.28179954,0
7120776710,-103.1993388,28.34914867,0
7120776860,-107.4648456,28.2555925,0
7120777120,-107.9317264,28.24407257,0
7120777170,-107.8695458,28.19002025,0
7120777220,-106.7894921,28.30554615,0
7120777340,-102.5551136,28.26017199,0
7120777350,-109.1530242,28.31618093,0
7120777360,-107.3799868,28.13475451,0
7120777820,-107.5928404,28.12554664,0
7120777830,-107.4480832,28.06284474,0
7120777920,-108.9485032,28.24154172,0
7120777990,-102.9730098,28.11789582,0
7120778060,-108.9232951,28.12844698,0
7120778200,-109.025548,28.20678026,0
7120778270,-108.9760374,28.06448415,0
7120778300,-103.0881594,28.11790216,0
7120778400,-108.8487726,28.21503227,0
7120778410,-108.7773098,28.16955705,0
7120779240,-108.3864218,28.14829225,0
7120779350,-108.8163205,28.08137542,0
7120779420,-108.6909128,28.07628074,0
7120779950,-108.0511829,28.03399642,0
7120780010,-107.9873077,27.97819508,0
7120780140,-107.6769945,27.98201805,0
7120780150,-107.5766329,27.99787362,0
7120780180,-108.7673819,27.99077437,0
7120780210,-108.8498648,27.99918719,0
7120780240,-107.2278437,28.01057284,0
7120780310,-107.2803719,27.97067158,0
7120780580,-108.9059796,27.95798695,0
7120780620,-106.7949378,27.89512468,0
7120780930,-107.9583438,27.91285262,0
7120781000,-107.8979065,27.83888897,0
7120781140,-107.2088883,27.90517551,0
7120781160,-106.9999394,27.85297335,0
7120781230,-106.8528156,27.83606232,0
7120781620,-108.1004164,27.90492967,0
7120781710,-107.1920531,27.84844717,0
7120782250,-108.7093753,27.6456584,0
7120782290,-107.9326303,27.72472291,0
7120782330,-107.9591622,27.66188374,0
7120782390,-107.5886128,27.81756009,0
7120782400,-107.5028935,27.80107308,0
7120782420,-107.1672798,27.73465446,0
7120782710,-107.2005554,27.62745026,0
7120782720,-107.1140538,27.56228432,0
7120782740,-101.9880503,27.54715468,0
7120782760,-107.066848,27.59786348,0
7120782950,-107.8330702,27.73599802,0
7120782960,-107.7955066,27.66339465,0
7120783320,-106.9404853,27.5465361,0
7120783360,-106.9774845,27.47528475,0
7120783420,-106.838153,27.6645771,0
7120783440,-107.2379382,27.51060727,0
7120783500,-107.1565233,27.47809639,0
7120783510,-106.9117083,27.449101,0
7120783520,-107.7213392,27.59502082,0
7120783590,-107.7261669,27.49766937,0
7120783830,-107.5776855,27.59664883,0
7120783930,-107.625341,27.45121762,0
7120784110,-108.1550655,27.5522472,0
7120784660,-107.4877081,27.50254487,0
7120784700,-107.4802862,27.42430854,0
7120784990,-102.100447,27.51460758,0
7120785640,-106.888255,27.3352401,0
7120785690,-106.8482431,27.24951811,0
7120785780,-107.862868,27.39975851,0
7120785790,-107.2234102,27.35380428,0
7120785840,-107.7282608,27.35255744,0
7120785920,-107.3082982,27.21762807,0
7120785930,-102.7460804,27.21747451,0
7120786220,-107.0911855,27.375048,0
7120786280,-107.1319469,27.25304556,0
7120786360,-107.1660188,27.3430139,0
7120786410,-107.1967354,27.16577011,0
7120786420,-107.0481911,27.22261937,0
7120786490,-107.1211344,27.15903312,0
7120786850,-106.5269006,27.24038882,0
7120786910,-106.5069027,27.18453059,0
7120787160,-102.4218362,27.13841686,0
7120787280,-102.3752555,27.10742251,0
7120787320,-101.8784563,27.22695916,0
7120787370,-101.938612,27.17975591,0
7120787500,-107.5623577,27.23889693,0
7120787600,-107.5441973,27.09298127,0
7120787610,-107.4717212,27.20496045,0
7120787640,-107.4292011,27.12235104,0
7120787990,-102.2785945,27.07681639,0
7120788130,-106.5153914,27.09383538,0
7120788170,-106.8074441,27.05189239,0
7120788180,-106.7418039,26.97861329,0
7120788230,-107.6549937,27.0805837,0
7120788460,-106.9004422,27.07472548,0
7120788500,-107.3210241,27.07540865,0
7120788510,-106.8397771,26.95314176,0
7120788590,-107.3054098,26.95915436,0
7120788610,-101.8489568,27.03224691,0
7120788910,-101.8615638,26.94570377,0
7120789280,-106.518962,26.99570972,0
7120789500,-106.4399508,26.93983453,0
7120789720,-102.6007319,27.05632398,0
7120789730,-107.9302892,26.84181594,0
7120789760,-102.5872241,26.96788636,0
7120789850,-102.672022,26.83354908,0
7120789860,-102.2621982,26.95791781,0
7120790000,-102.5327841,26.95932693,0
7120790060,-102.5575297,26.83024291,0
7120790110,-102.3801149,26.89874001,0
7120790200,-106.5592038,26.88387195,0
7120790240,-106.4789799,26.77997349,0
7120790390,-106.4007167,26.75717908,0
7120790650,-107.7312648,26.79686601,0
7120790670,-102.0232839,26.77623721,0
7120790810,-106.5408336,26.82747002,0
7120790910,-106.6814155,26.83194421,0
7120790960,-106.6322019,26.74429928,0
7120790990,-106.5920269,26.68150918,0
7120791020,-107.9036994,26.71849377,0
7120791030,-107.825928,26.67696371,0
7120791040,-106.54016,26.70674783,0
7120791470,-107.6511777,26.7133309,0
7120791560,-107.5092374,26.82845976,0
7120791610,-107.495004,26.75308095,0
7120791800,-108.1802248,26.76677888,0
7120791850,-108.1581978,26.68250938,0
7120791860,-106.1321616,26.7238692,0
7120791920,-106.1452213,26.60739632,0
7120791970,-107.3090733,26.78030594,0
7120791990,-107.2950538,26.68561744,0
7120792030,-107.7352785,26.63502185,0
7120792040,-107.3650942,26.61364921,0
7120792050,-107.3724181,26.69852077,0
7120792070,-107.6540355,26.60555837,0
7120792090,-107.0342117,26.7664255,0
7120792120,-107.0096443,26.66616907,0
7120792150,-106.9448005,26.73982084,0
7120792160,-106.3194609,26.60101092,0
7120792190,-106.9505343,26.62275454,0
7120792200,-106.2328418,26.54461842,0
7120792290,-106.8852121,26.76820344,0
7120792300,-106.8306986,26.70590129,0
7120792410,-106.8720375,26.62633167,0
7120792420,-105.9044491,26.66963464,0
7120792460,-107.1379275,26.67086431,0
7120792470,-105.9601728,26.58321274,0
7120792520,-107.507805,26.60120605,0
7120792530,-107.1306431,26.58305747,0
7120792540,-106.9439624,26.57608765,0
7120792560,-107.5743722,26.55905937,0
7120792680,-102.611998,26.70320586,0
7120792750,-106.8607829,26.57318277,0
7120792770,-106.9440838,26.51524429,0
7120792790,-106.7522319,26.58765337,0
7120792830,-106.7625298,26.51906682,0
7120792900,-107.2019492,26.49582024,0
7120792910,-107.0547689,26.50542412,0
7120792940,-103.0985416,26.61421548,0
7120793010,-107.8744301,26.54601389,0
7120793020,-107.9250678,26.46936367,0
7120793080,-106.8775209,26.44822894,0
7120793090,-106.7445327,26.45696353,0
7120793220,-103.0707921,26.52983735,0
7120793450,-101.2880465,26.3834139,0
7120793530,-106.3242362,26.45831451,0
7120793540,-106.1889314,26.41367253,0
7120793570,-101.1669429,26.50159549,0
7120793620,-106.5688142,26.46862986,0
7120793670,-106.51099,26.40416218,0
7120793690,-101.1325037,26.38832819,0
7120793780,-106.7039911,26.35205943,0
7120793830,-106.8528209,26.36675129,0
7120793910,-106.6451895,26.44620094,0
7120793940,-100.4148522,26.35600137,0
7120794000,-106.6255269,26.39021364,0
7120794090,-102.8917515,26.47464911,0
7120794160,-106.4871365,26.31566641,0
7120794210,-106.5815713,26.30341257,0
7120794440,-106.2589737,26.32521526,0
7120794450,-106.1611166,26.33625629,0
7120794490,-105.7843603,26.3808565,0
7120794500,-105.7478786,26.43966121,0
7120794830,-101.748176,26.35044401,0
7120794840,-106.3430273,26.28258536,0
7120794870,-106.2657793,26.19384104,0
7120795090,-107.7679502,26.35020382,0
7120795130,-107.6353029,26.30997354,0
7120795140,-106.4289721,26.214515,0
7120795160,-106.490296,26.17091652,0
7120795270,-107.8426177,26.31112265,0
7120795480,-100.5187831,26.27789905,0
7120795710,-105.7611632,26.24393933,0
7120795780,-106.8465358,26.19620414,0
7120795830,-106.8735939,26.11279048,0
7120795870,-107.7346017,26.22989327,0
7120795910,-107.6111596,26.22475125,0
7120795950,-107.5696407,26.18048566,0
7120795960,-106.6163138,26.20187796,0
7120796020,-106.6425029,26.13869675,0
7120796030,-105.7815904,26.18722453,0
7120796270,-107.1649481,26.18995643,0
7120796320,-107.0800098,26.09584731,0
7120796330,-105.925626,26.10742316,0
7120796420,-101.2464574,26.20859464,0
7120796500,-101.4321105,26.04928388,0
7120796530,-106.5498015,26.09557293,0
7120796540,-107.5154101,26.13671702,0
7120796550,-106.6940542,26.07802037,0
7120796690,-106.6760402,25.98699624,0
7120796700,-106.5978057,26.02812113,0
7120796750,-107.5713793,25.93906547,0
7120796770,-107.162715,26.07377352,0
7120796780,-107.2547543,26.10527786,0
7120796880,-101.3997332,26.01486101,0
7120797300,-107.3975092,25.94766088,0
7120797430,-105.5270115,25.97061689,0
7120797510,-105.6162456,25.90314722,0
7120797520,-105.5621521,25.86121987,0
7120797540,-107.7460219,25.9487593,0
7120797730,-100.3468762,25.87085521,0
7120797770,-106.9519545,25.98547772,0
7120797780,-106.8394409,26.00389265,0
7120797830,-107.1730196,25.99064657,0
7120797880,-107.1422546,25.88744123,0
7120797890,-106.2955852,25.95970971,0
7120797900,-106.2161449,25.95955977,0
7120797980,-105.9523349,25.92756489,0
7120798030,-105.8384236,25.84764738,0
7120798100,-107.4793588,25.86292771,0
7120798110,-107.4090849,25.8446887,0
7120798250,-101.452471,25.88393421,0
7120798440,-107.2673421,25.87514733,0
7120798540,-107.3107238,25.80025838,0
7120798860,-107.7158349,25.83898501,0
7120798870,-106.8308736,25.91235869,0
7120798990,-106.7714769,25.85252157,0
7120799010,-105.9322879,25.80444675,0
7120799020,-105.7890163,25.80947486,0
7120799060,-105.6977015,25.80802883,0
7120799200,-101.4543622,25.82079198,0
7120799440,-101.0838261,25.59562054,0
7120799450,-107.2113396,25.75040432,0
7120799480,-101.1315659,25.65435705,0
7120799500,-107.3012793,25.68395003,0
7120799630,-106.9214156,25.82698479,0
7120799650,-106.0760272,25.80526365,0
7120799680,-106.8986542,25.70102556,0
7120799690,-106.0051905,25.69534462,0
7120799700,-105.9019991,25.67905532,0
7120799800,-101.6119952,25.82589187,0
7120799830,-105.6548642,25.65385913,0
7120800020,-101.253128,25.58728702,0
7120800090,-100.5198958,25.69646208,0
7120800310,-106.7902985,25.68968787,0
7120800420,-100.5850247,25.58504023,0
7120800450,-106.7839373,25.57353455,0
7120800570,-100.7928221,25.49593041,0
7120800680,-106.6987377,25.57624982,0
7120800710,-107.1741679,25.61345187,0
7120800740,-107.0454527,25.58615279,0
7120800750,-102.2457325,25.4532745,0
7120800790,-102.161264,25.42018314,0
7120800940,-101.0437909,25.46341004,0
7120801070,-105.459591,25.52856444,0
7120801160,-100.4793566,25.48744489,0
7120801590,-101.2798886,25.37521804,0
7120801680,-101.7108608,25.35350148,0
7120801690,-100.6802029,25.45928066,0
7120801750,-100.8421207,25.36744926,0
7120801770,-105.7864322,25.52677714,0
7120801800,-105.6728529,25.51146988,0
7120802000,-106.6977053,25.45908079,0
7120802030,-101.5472728,25.31586288,0
7120802040,-101.4574845,25.33614624,0
7120802090,-107.2005391,25.47756364,0
7120802110,-107.1410813,25.43480663,0
7120802320,-106.5989524,25.34066945,0
7120802480,-102.4146397,25.41332505,0
7120802540,-107.1232957,25.34671071,0
7120802550,-105.7488219,25.40765233,0
7120802560,-103.1900455,25.25327277,0
7120802590,-103.244541,25.25521917,0
7120802610,-106.8765737,25.4241008,0
7120802650,-106.7738001,25.34467947,0
7120802660,-101.3667979,25.26405553,0
7120802670,-101.4456138,25.20419204,0
7120802800,-107.2125132,25.21811155,0
7120802900,-100.0035795,25.16024842,0
7120802920,-106.9759556,25.36429446,0
7120802950,-102.328393,25.35607367,0
7120803070,-102.2432273,25.27388063,0
7120803450,-100.2788132,25.26327985,0
7120803480,-100.3057747,25.18599507,0
7120803550,-101.9388145,25.2173873,0
7120803640,-101.8817122,25.12077412,0
7120803880,-100.8972125,25.14346819,0
7120803900,-100.9141319,25.06748015,0
7120804080,-106.9312632,25.14019925,0
7120804100,-107.0221114,25.12134697,0
7120804140,-100.1539302,25.13916657,0
7120804170,-100.2104266,25.06616783,0
7120804200,-106.699234,25.11430007,0
7120804210,-101.7117429,25.11981755,0
7120804230,-106.6650245,25.03700873,0
7120804520,-100.6548711,25.13224149,0
7120804530,-100.11916,25.02945424,0
7120804540,-100.090637,24.93348731,0
7120804580,-107.19227,25.09107969,0
7120804590,-107.1126113,25.10136618,0
7120804600,-100.7890401,25.05316319,0
7120804610,-100.7010255,25.06291191,0
7120804650,-106.8102418,25.04513863,0
7120804760,-100.5213418,25.07634875,0
7120804820,-100.5011713,24.97232193,0
7120804940,-105.0954518,25.0027739,0
7120804970,-105.116204,24.91440691,0
7120805100,-106.4489386,25.03200362,0
7120805110,-106.3533013,25.00973157,0
7120805210,-100.41144,24.98381816,0
7120805250,-104.9873795,24.84248374,0
7120805270,-100.4591367,24.88740154,0
7120805410,-100.8012199,24.9362116,0
7120805610,-106.2863144,24.91725467,0
7120805640,-101.5074766,24.83122371,0
7120805660,-106.2046247,24.8123329,0
7120805680,-101.5216851,24.74697867,0
7120805820,-100.7630724,24.86773105,0
7120806010,-101.1458001,24.82853605,0
7120806040,-101.1235965,24.75115306,0
7120806060,-106.5498011,24.87748797,0
7120806070,-106.4223835,24.87562535,0
7120806080,-104.967453,24.74670314,0
7120806120,-100.9670739,24.86419017,0
7120806130,-100.1529064,24.82642341,0
7120806150,-100.0650199,24.77806589,0
7120806250,-100.1001179,24.7116195,0
7120806260,-100.0342503,24.6700174,0
7120806290,-100.9064814,24.83302242,0
7120806340,-101.062549,24.69362726,0
7120806350,-100.6790148,24.77804405,0
7120806360,-100.5779343,24.72612846,0
7120806480,-101.3616371,24.71399701,0
7120806490,-101.0195629,24.66590788,0
7120806510,-100.8440611,24.75885403,0
7120806530,-101.3439803,24.66943489,0
7120806560,-100.806783,24.70952217,0
7120806900,-101.6955848,24.72937499,0
7120806920,-101.7801238,24.5848198,0
7120806930,-101.7253227,24.65369039,0
7120806980,-106.4024063,24.56045879,0
7120807050,-98.56123697,24.64353666,0
7120807150,-99.92065443,24.58384751,0
7120807300,-100.2110522,24.65947953,0
7120807310,-100.1435228,24.58887846,0
7120807330,-106.1706861,24.66373375,0
7120807380,-106.1269307,24.5833879,0
7120807550,-105.8970235,24.54014249,0
7120807560,-101.5951233,24.56234449,0
7120807590,-105.9171796,24.43002442,0
7120807640,-106.0320281,24.54872505,0
7120807660,-106.1288789,24.48074135,0
7120807680,-98.61378503,24.54755404,0
7120807970,-100.7037596,24.59966695,0
7120808000,-100.8338932,24.47894244,0
7120808100,-101.5683886,24.45970565,0
7120808170,-99.19739039,24.53158088,0
7120808220,-99.1504097,24.5033716,0
7120808320,-100.610712,24.50828573,0
7120808390,-104.0309733,24.25624634,0
7120808420,-103.8223835,24.25190774,0
7120808440,-101.2837098,24.40025437,0
7120808450,-100.9334721,24.42313272,0
7120808460,-101.419706,24.44456486,0
7120808670,-101.2562366,24.31324837,0
7120808710,-105.8064944,24.37346284,0
7120808770,-106.0681577,24.39048318,0
7120808810,-106.0140324,24.32011591,0
7120808920,-103.6331285,24.21345031,0
7120808950,-101.2173947,24.23744007,0
7120808960,-106.5743316,24.34575577,0
7120808970,-106.4571402,24.33437024,0
7120809010,-100.9092875,24.31571397,0
7120809050,-100.8876721,24.22889193,0
7120809120,-100.1115881,24.38312235,0
7120809280,-106.5347224,24.2491157,0
7120809290,-106.3354947,24.27205416,0
7120809310,-106.531204,24.18227491,0
7120809320,-106.2314666,24.2173355,0
7120809360,-105.8071729,24.26893625,0
7120809430,-100.0299071,24.33766433,0
7120809460,-105.7472761,24.16796989,0
7120809480,-105.6698529,24.19409551,0
7120809520,-105.6867117,24.11438989,0
7120809540,-100.9772869,24.14921426,0
7120809610,-105.912495,24.25661175,0
7120809690,-105.8135808,24.14459441,0
7120809810,-99.89197734,24.14269831,0
7120809980,-100.0640892,24.20043017,0
7120810000,-100.0185451,24.13319561,0
7120810040,-106.3522408,24.17019772,0
7120810050,-106.2243429,24.11648366,0
7120810180,-105.9983928,24.17613924,0
7120810240,-99.6509967,24.03823339,0
7120810270,-105.8990214,24.10459737,0
7120810300,-105.8721195,24.01650155,0
7120810570,-103.8831117,24.09886267,0
7120810600,-103.8418982,23.98626241,0
7120810640,-106.1450862,24.08635453,0
7120810650,-106.0905524,23.97284792,0
7120810790,-100.0009003,23.99014264,0
7120810800,-99.86301464,23.92328435,0
7120810900,-106.2400242,23.98228772,0
7120811040,-106.1830809,23.87933838,0
7120811070,-105.5966569,24.04873421,0
7120811100,-106.2773427,23.85674893,0
7120811110,-105.5329646,23.93326844,0
7120811260,-106.4633935,24.07902811,0
7120811300,-100.0115946,23.90983915,0
7120811420,-105.4785023,23.81962268,0
7120811520,-103.6658711,23.96411038,0
7120811620,-104.0001075,23.99017746,0
7120811670,-105.7180227,23.97142174,0
7120811810,-99.14622126,23.73417341,0
7120811890,-103.9554101,23.87280888,0
7120811940,-105.5895646,23.81813765,0
7120811960,-105.6553681,23.77413414,0
7120812010,-105.9763444,23.88687786,0
7120812260,-105.8228102,23.71489246,0
7120812290,-99.49687381,23.83604109,0
7120812350,-99.54681925,23.77724856,0
7120812370,-99.6651397,23.7356924,0
7120812410,-99.61180047,23.67307863,0
7120812430,-103.8637165,23.75355624,0
7120812510,-105.9859771,23.77113316,0
7120812550,-106.0821052,23.77089833,0
7120812780,-106.2778773,23.70855934,0
7120812830,-99.96215142,23.66728675,0
7120812950,-106.1325685,23.69172358,0
7120813180,-100.0262981,23.55697714,0
7120813260,-103.4112289,23.55546311,0
7120813300,-103.3259819,23.49938801,0
7120813310,-101.1127119,23.43479486,0
7120813380,-105.3228676,23.57980068,0
7120813430,-105.5419079,23.59867177,0
7120813470,-105.4959774,23.54570492,0
7120813490,-103.5654698,23.58647769,0
7120813540,-103.5530579,23.46055387,0
7120813660,-100.211538,23.56215616,0
7120813680,-105.7662462,23.52542555,0
7120813690,-105.6454274,23.50344905,0
7120813730,-105.1670595,23.53761699,0
7120813740,-105.2796157,23.48362719,0
7120813870,-105.2153324,23.44864078,0
7120813880,-105.1592669,23.43302175,0
7120814010,-99.56200098,23.50465386,0
7120814070,-99.46453699,23.35158111,0
7120814090,-101.0337928,23.30119306,0
7120814180,-104.9265621,23.30954486,0
7120814220,-100.1581751,23.43236711,0
7120814250,-99.61818052,23.35195252,0
7120814260,-105.9356029,23.4152973,0
7120814270,-103.3693004,23.35533184,0
7120814280,-103.2627675,23.38850119,0
7120814300,-100.0803631,23.40698068,0
7120814310,-99.55462885,23.22367373,0
7120814330,-105.87092,23.37134154,0
7120814530,-105.2478595,23.29111668,0
7120814560,-105.3593446,23.35356932,0
7120814580,-103.149148,23.35470578,0
7120814630,-103.0773071,23.1798435,0
7120814660,-103.683704,23.34811408,0
7120814670,-99.76084034,23.30233845,0
7120814700,-103.6269602,23.24582358,0
7120814720,-103.638292,23.30846637,0
7120814780,-105.5046444,23.26346592,0
7120814900,-103.3034022,23.27206898,0
7120815160,-101.2270451,23.2488229,0
7120815220,-103.1552143,23.08349852,0
7120815250,-105.4928786,23.1751235,0
7120815360,-104.3938377,23.06515326,0
7120815560,-99.88981293,23.12884815,0
7120815630,-105.5307749,23.10008322,0
7120815660,-104.7583628,23.05598842,0
7120815710,-104.1713877,23.09993478,0
7120815750,-103.2295035,22.99527925,0
7120815760,-103.1027363,23.00701058,0
7120815950,-105.2358626,23.09399978,0
7120815960,-105.1297938,23.07728602,0
7120816060,-104.9945643,23.09470699,0
7120816070,-104.9128784,23.09094665,0
7120816170,-104.1866398,23.00772313,0
7120816180,-104.0395032,23.00842444,0
7120816400,-105.2420299,22.97658009,0
7120816470,-105.3539861,23.02308938,0
7120816480,-105.4035755,22.97176281,0
7120816530,-99.53828552,23.01249553,0
7120816620,-104.861089,22.93257316,0
7120816910,-103.066387,22.83021416,0
7120816940,-104.9907539,22.86469236,0
7120816980,-103.9738507,22.94655945,0
7120817240,-104.4514095,22.89204959,0
7120817250,-104.3663399,22.88011678,0
7120817960,-104.1725534,22.69000859,0
7120818080,-104.7812869,22.60939529,0
7120818160,-104.5859499,22.76451064,0
7120818330,-104.4534654,22.7076772,0
7120818340,-104.352969,22.62165722,0
7120818670,-103.144506,22.63809505,0
7120818770,-104.5592139,22.65539008,0
7120819480,-104.3687718,22.45881657,0
7120819700,-104.2174102,22.42258859,0
7120819780,-101.0719737,22.26895887,0
7120819970,-101.2081802,22.29464224,0
7120819980,-104.4082154,22.37387458,0
7120820060,-100.9998755,22.21754846,0
7120820100,-104.2321157,22.35247018,0
7120820280,-104.6518777,22.34582144,0
7120820290,-104.3510743,22.30568861,0
7120820350,-104.3915847,22.17942661,0
7120821040,-104.0090519,22.14888083,0
7120821680,-101.2864687,22.06791559,0
7120822150,-104.4569401,22.03434204,0
7120822280,-104.3380946,22.0168312,0
7120822360,-104.4270359,21.93431253,0
7120822620,-100.9525805,21.94402272,0
7120823270,-100.6515162,21.8687189,0
7120823340,-101.0849593,21.79157247,0
7120823360,-100.9900219,21.74952543,0
7120824280,-101.229373,21.69426827,0
7120824300,-101.2678596,21.5722864,0
7120824510,-101.5956312,21.58215578,0
7120824540,-101.577664,21.48412557,0
7120824680,-101.4240757,21.54258063,0
7120824710,-101.4610311,21.46019868,0
7120824800,-101.7763633,21.47693629,0
7120824970,-101.572176,21.36556941,0
7120825000,-99.84099612,21.38326035,0
7120825010,-101.4636844,21.35895696,0
7120825030,-100.9110724,21.47112914,0
7120825080,-104.6109923,21.32318511,0
7120825090,-104.5300813,21.34321012,0
7120825120,-101.2448606,21.44826603,0
7120825130,-101.1959583,21.48954481,0
7120825640,-104.0966307,21.37937689,0
7120825770,-101.1202902,21.40452183,0
7120825780,-101.2071783,21.36897203,0
7120825820,-101.7583859,21.34678734,0
7120825870,-101.3597418,21.40096285,0
7120825910,-99.62572446,21.23905941,0
7120826210,-104.992033,21.343629,0
7120826600,-99.57797287,21.17776676,0
7120826720,-104.1598223,21.28874556,0
7120827070,-100.0669565,21.07318186,0
7120827250,-104.6328779,21.18820092,0
7120827260,-104.5408866,21.07930544,0
7120827310,-100.3682175,21.06942712,0
7120827320,-99.37524938,21.00985877,0
7120827330,-99.25028378,21.00619687,0
7120827400,-100.2377014,21.07118498,0
7120827430,-100.2143912,20.98682818,0
7120827440,-100.142515,20.99348213,0
7120827770,-99.76142127,21.12812999,0
7120828030,-99.72196472,21.04613413,0
7120828160,-99.63468792,20.91054325,0
7120828330,-99.67609144,20.83056475,0
7120828390,-99.13318253,20.94741464,0
7120828500,-99.36400461,20.86141596,0
7120828600,-104.9884205,20.89315761,0
7120828680,-104.8881556,20.90384929,0
7120829000,-99.51390687,20.81870554,0
7120829010,-99.43098579,20.76721958,0
7120829020,-99.15493863,20.84241339,0
7120829030,-99.04420368,20.81142016,0
7120829590,-98.98405278,20.73206226,0
7120829840,-99.62272182,20.74282981,0
7120829870,-98.84213709,20.67596743,0
7120829900,-98.92641393,20.68851934,0
7120830240,-98.28811808,20.54365027,0
7120830260,-98.36937863,20.63847215,0
7120830290,-98.33155023,20.58319814,0
7120830310,-99.04958465,20.67342215,0
7120830360,-98.91062803,20.63485574,0
7120830900,-98.9506456,20.5346759,0
7120830910,-98.86354643,20.54123782,0
7120831060,-104.922866,20.54347406,0
7120831770,-99.11978538,20.60950459,0
7120831930,-99.18345674,20.57420587,0
7120832230,-98.11562728,20.45080205,0
7120833490,-98.40488351,20.34769464,0
7120833590,-98.38260749,20.27006424,0
7120833710,-98.57737788,20.17465893,0
7120833720,-98.20923961,20.26506729,0
7120833730,-98.17205066,20.17537044,0
7120833770,-98.47032209,20.29675596,0
7120833790,-98.49348568,20.19506158,0
7120834230,-98.10522883,20.14056298,0
7120834260,-98.04732151,20.11951361,0
7120834280,-105.1030506,20.299185,0
7120834440,-105.1820423,20.23459038,0
7120834510,-100.0095509,20.13180058,0
7120834930,-99.87854483,20.03227293,0
7120834990,-97.77324943,20.0382474,0
7120835030,-98.49160007,20.02713212,0
7120835090,-98.37093745,20.03126819,0
7120835170,-97.98369454,20.08369741,0
7120835210,-97.95394164,19.99556204,0
7120835410,-98.66057586,20.07033919,0
7120835510,-98.22825414,20.00821056,0
7120835550,-98.2609155,19.95210041,0
7120835560,-100.0290715,20.06074639,0
7120835830,-97.76915756,19.96899262,0
7120836270,-97.89588449,19.8952762,0
7120836310,-97.82310958,19.8423325,0
7120836450,-98.05442522,19.91477084,0
7120836560,-97.54189722,19.77881382,0
7120836580,-97.46957715,19.77885749,0
7120836630,-98.34403988,19.91648068,0
7120836640,-99.57227402,19.7984073,0
7120836660,-98.27403908,19.84146223,0
7120836750,-98.59000329,19.92036588,0
7120836770,-97.75816402,19.79105872,0
7120836800,-98.63224061,19.83369755,0
7120836810,-98.08918994,19.86198183,0
7120836820,-97.69218261,19.77232843,0
7120836860,-98.00541345,19.80312552,0
7120836900,-98.44630237,19.88752649,0
7120836940,-99.9332208,19.80618743,0
7120836960,-98.33453981,19.7912844,0
7120837000,-99.44156737,19.80033927,0
7120837010,-99.45017346,19.68090993,0
7120837150,-97.05633953,19.76416717,0
7120837270,-98.49611938,19.81625728,0
7120837380,-99.79985601,19.79743649,0
7120837420,-99.90213463,19.71864552,0
7120837670,-99.29022797,19.69368456,0
7120837850,-98.55199787,19.57214751,0
7120837900,-98.62977563,19.60665843,0
7120838240,-97.95641507,19.67570888,0
7120838280,-97.92450154,19.60035673,0
7120838370,-98.29179921,19.6762343,0
7120838430,-99.74862898,19.67123334,0
7120838450,-98.31624007,19.56070494,0
7120838520,-97.82236732,19.65043147,0
7120838570,-97.7874103,19.55892692,0
7120838610,-98.51693551,19.5040508,0
7120838790,-96.94887681,19.59342136,0
7120839270,-97.27044002,19.47358768,0
7120839430,-98.82849634,19.49462216,0
7120839450,-100.1021112,19.49988139,0
7120839470,-99.97001326,19.4819193,0
7120839480,-97.45986925,19.507064,0
7120839530,-97.68655814,19.50677007,0
7120839550,-98.82909112,19.44199584,0
7120839560,-97.52023652,19.55351837,0
7120839570,-97.48167727,19.41568844,0
7120839630,-98.88951774,19.40570451,0
7120839850,-99.20436575,19.37360261,0
7120839960,-99.76570275,19.25609788,0
7120839980,-97.08437328,19.46249004,0
7120840020,-97.10274572,19.40919906,0
7120840170,-96.98879637,19.51017276,0
7120840210,-99.4883381,19.45813141,0
7120840220,-97.27277435,19.3983935,0
7120840350,-98.54515385,19.4279663,0
7120840360,-98.6586321,19.36333164,0
7120840370,-98.60647863,19.40162696,0
7120840380,-98.6353576,19.29576391,0
7120840410,-99.45310377,19.35586945,0
7120840420,-98.09313711,19.34039767,0
7120840600,-100.3591038,19.33319376,0
7120840670,-97.16352432,19.36134889,0
7120840700,-99.50603043,19.26810084,0
7120840740,-97.12525477,19.27456813,0
7120840900,-98.54574009,19.26234184,0
7120840910,-98.50158226,19.35942195,0
7120840950,-97.56503603,19.33781062,0
7120840980,-99.22272272,19.28593226,0
7120841000,-97.73329589,19.38430292,0
7120841040,-99.18378415,19.25519253,0
7120841120,-99.15264518,19.17787285,0
7120841130,-98.34156875,19.39530026,0
7120841140,-98.21249078,19.3396774,0
7120841170,-97.07401712,19.21759662,0
7120841230,-98.54296589,19.21351728,0
7120841250,-98.82784454,19.34016399,0
7120841330,-98.8716989,19.20624656,0
7120841340,-98.766571,19.27733507,0
7120841350,-100.0290612,19.32167727,0
7120841370,-98.93523201,19.21500282,0
7120841410,-99.97704619,19.25665749,0
7120841420,-99.00224147,19.1679994,0
7120841430,-98.74551354,19.21315851,0
7120841670,-99.63366067,19.19970435,0
7120841700,-99.40325826,19.20348716,0
7120841710,-98.46888266,19.17601434,0
7120841740,-100.1632075,19.32193359,0
7120841750,-97.32913485,19.15217256,0
7120841770,-97.35934182,19.10969687,0
7120841810,-100.186169,19.20617883,0
7120841820,-100.1028929,19.23490494,0
7120841830,-97.42421883,19.21764224,0
7120841850,-100.1434976,19.14505563,0
7120841860,-97.45736697,19.11735797,0
7120841980,-98.19634585,19.24795406,0
7120842170,-100.2287102,19.18321033,0
7120842180,-98.19518252,19.20756858,0
7120842190,-97.86718896,19.19488764,0
7120842310,-99.54526472,19.14491472,0
7120842320,-99.41552814,19.12416966,0
7120842970,-100.364801,19.15737419,0
7120842990,-100.3455731,19.0681382,0
7120843250,-99.89617431,19.13956803,0
7120843330,-99.94391705,19.04843373,0
7120843380,-100.2512299,19.01912505,0
7120843500,-100.1878965,19.07366319,0
7120843510,-97.93117977,19.11530424,0
7120843550,-100.1413709,19.01321804,0
7120843560,-97.99735998,19.08819447,0
7120844090,-97.6923697,19.02377105,0
7120844140,-97.75972706,19.06211101,0
7120844330,-98.98801348,19.02671207,0
7120844520,-98.92766189,19.00152517,0
7120844560,-99.49421717,18.95293738,0
7120844570,-99.40573435,18.99080469,0
7120844660,-98.76363315,18.9916419,0
7120844750,-103.2873777,18.84442686,0
7120844770,-98.77208761,18.92703168,0
7120844970,-98.49902484,18.98226698,0
7120845120,-97.18412453,18.931558,0
7120845160,-97.17647054,18.85078589,0
7120845280,-97.10938513,18.7385653,0
7120845340,-99.81448352,18.92525598,0
7120845480,-100.0734607,18.88385995,0
7120845500,-97.28084548,18.86070912,0
7120845570,-100.0186926,18.82663948,0
7120845580,-97.25871723,18.72984331,0
7120845770,-98.56706748,18.88922751,0
7120845830,-98.60699907,18.88038934,0
7120846350,-99.75661651,18.72807656,0
7120846550,-98.53249561,18.82519888,0
7120846560,-98.52368058,18.8670953,0
7120846800,-103.0798612,18.6572577,0
7120846870,-100.026901,18.65885253,0
7120846960,-103.0804664,18.55352485,0
7120847100,-98.70031012,18.75961038,0
7120847220,-97.00786496,18.52545786,0
7120847440,-102.5868722,18.58277542,0
7120847530,-102.9237244,18.65214475,0
7120847550,-98.45916692,18.7764226,0
7120847580,-102.9688384,18.5883796,0
7120847680,-103.4108653,18.63533499,0
7120847690,-96.8996733,18.56372166,0
7120847800,-103.3469663,18.57167659,0
7120847810,-96.97775741,18.46682661,0
7120848140,-96.88637266,18.46921992,0
7120848190,-102.8824072,18.53116115,0
7120848200,-102.7969235,18.60204475,0
7120848220,-100.1322459,18.61342694,0
7120848420,-102.6986666,18.5331964,0
7120848640,-97.37973964,18.63071522,0
7120848760,-97.3279065,18.56090015,0
7120849110,-102.8620403,18.45445908,0
7120849120,-102.7427676,18.4661474,0
7120849560,-96.81391309,18.32304256,0
7120850240,-102.7943544,18.38057483,0
7120850280,-102.6808577,18.36428166,0
7120850360,-103.0015366,18.40951652,0
7120850370,-102.9352323,18.37515956,0
7120850500,-101.0403349,18.1965112,0
7120850540,-97.23858759,18.38797889,0
7120850980,-96.94415495,18.22884393,0
7120851030,-103.2557461,18.35000593,0
7120851040,-103.1918758,18.33327708,0
7120851320,-100.9780664,18.15278301,0
7120851790,-101.4188544,18.1686415,0
7120852310,-102.2232669,18.20350006,0
7120852950,-101.132175,18.0913101,0
7120852980,-101.1554349,17.98801024,0
7120853080,-101.0068929,18.05201344,0
7120853160,-100.9724957,17.94468598,0
7120854090,-101.3199572,17.99598987,0
7120854120,-101.2611442,17.92755697,0
7120854710,-101.4256493,17.93589595,0
7120855540,-96.40990589,17.6506737,0
7120855590,-100.2787732,17.7277143,0
7120855630,-100.2345735,17.6715685,0
7120856360,-98.16884371,17.60058316,0
7120856590,-96.8305251,17.57930462,0
7120856660,-99.22815238,17.61180265,0
7120856720,-99.11087447,17.55792193,0
7120856810,-98.1517638,17.49993969,0
7120856930,-100.9916787,17.66742742,0
7120857050,-98.37550469,17.489378,0
7120857060,-98.25633548,17.52592198,0
7120857140,-98.50535894,17.46867269,0
7120857170,-98.64020077,17.41455596,0
7120857310,-97.51220922,17.50569399,0
7120857380,-95.76608669,17.42962494,0
7120857390,-99.37179236,17.54663153,0
7120857440,-98.03606361,17.40145444,0
7120857600,-99.90694161,17.47926702,0
7120857620,-98.72207761,17.36560498,0
7120857770,-99.19107308,17.48634871,0
7120857780,-98.56306927,17.32341158,0
7120857810,-96.66807208,17.43214641,0
7120857970,-99.86999113,17.38362985,0
7120858070,-95.69069798,17.3666054,0
7120858130,-96.18472494,17.30408436,0
7120858140,-96.11355964,17.34052746,0
7120858170,-98.42669394,17.36294379,0
7120858190,-99.7030545,17.45478415,0
7120858200,-98.47102709,17.29706896,0
7120858210,-96.6739086,17.35493574,0
7120858360,-95.80207019,17.28194219,0
7120858420,-100.4929883,17.35546057,0
7120858430,-95.83476109,17.1872711,0
7120858590,-96.41865803,17.26194719,0
7120858640,-96.48139543,17.19485252,0
7120859010,-99.63175707,17.35720128,0
7120859170,-100.155639,17.35209139,0
7120859250,-99.75072446,17.22205642,0
7120859260,-96.90173466,17.23322542,0
7120859420,-96.29980805,17.21282459,0
7120859430,-99.54787156,17.26597783,0
7120859460,-99.66685164,17.19354352,0
7120859540,-97.12874811,17.17705976,0
7120859610,-96.28645195,17.14843853,0
7120859790,-100.0575012,17.22375556,0
7120859800,-99.70617285,17.1360019,0
7120859900,-99.57914586,17.14261524,0
7120859930,-96.24436267,17.08134202,0
7120860130,-92.27633905,17.11443392,0
7120860150,-92.13670244,17.03375683,0
7120860170,-99.99690071,17.16893856,0
7120860210,-93.09949118,17.14422591,0
7120860370,-97.02739551,17.0874057,0
7120860380,-99.97152728,17.0971566,0
7120860470,-99.54981988,17.08284343,0
7120860480,-97.97259258,17.12485985,0
7120860550,-98.03000086,17.06389018,0
7120860590,-97.89605564,17.13175092,0
7120860700,-97.03990103,16.94114972,0
7120860840,-92.62329321,16.8993472,0
7120860920,-96.43616365,17.02261691,0
7120860960,-97.9166397,16.98247579,0
7120861010,-97.83437826,17.04574983,0
7120861020,-97.45381846,17.03125151,0
7120861120,-94.61156157,16.94216969,0
7120861170,-92.29128153,16.8846445,0
7120861180,-97.3345023,16.87837875,0
7120861190,-94.54518877,16.87602024,0
7120861230,-94.6646791,16.94796414,0
7120861270,-94.64556116,16.83995318,0
7120861290,-93.80040925,16.83001014,0
7120861300,-97.22611959,16.86661779,0
7120861590,-92.14524006,16.93773107,0
7120861610,-91.99537573,16.94152295,0
7120861620,-92.02588326,16.89397288,0
7120861630,-94.92849474,16.80754618,0
7120861640,-94.82918636,16.81382134,0
7120861730,-94.01305772,16.8137885,0
7120861740,-92.82411312,16.78788573,0
7120861750,-97.1161359,16.84402,0
7120861770,-97.19342501,16.76918327,0
7120861810,-97.63458539,16.89556286,0
7120861820,-97.58071464,16.97894484,0
7120861990,-94.13655072,16.78060617,0
7120862020,-92.17908891,16.86294704,0
7120862050,-92.28264142,16.77916474,0
7120862120,-92.16523622,16.77548396,0
7120862180,-96.01430924,16.82513554,0
7120862250,-95.94737192,16.74250876,0
7120862300,-97.4789951,16.80319095,0
7120862330,-97.57962763,16.80367912,0
7120862490,-94.19349622,16.64725825,0
7120862500,-94.12891319,16.63604191,0
7120862520,-92.93897357,16.75333833,0
7120862600,-92.19016803,16.69609924,0
7120862620,-92.38332012,16.7319676,0
7120862630,-92.01457927,16.67706583,0
7120862670,-92.32794029,16.61281412,0
7120862760,-92.05087505,16.64021376,0
7120862770,-91.95422414,16.57918909,0
7120862840,-97.30655407,16.6841008,0
7120862860,-97.45933937,16.69565363,0
7120862910,-93.67158859,16.61347343,0
7120863090,-97.68864986,16.6898137,0
7120863100,-96.0385944,16.67829866,0
7120863250,-93.50329732,16.53506646,0
7120863260,-92.18107221,16.61956039,0
7120863280,-93.97897183,16.61702031,0
7120863300,-93.64807409,16.5381792,0
7120863320,-92.1339318,16.53741926,0
7120863330,-96.94801828,16.66201724,0
7120863350,-93.96765686,16.53310086,0
7120863360,-93.85220701,16.52235311,0
7120863420,-97.03482119,16.63961254,0
7120863450,-97.09630627,16.56817977,0
7120863460,-91.82321187,16.55671884,0
7120863750,-94.07695441,16.51340454,0
7120863760,-93.97181009,16.42929031,0
7120863790,-97.25103717,16.59234146,0
7120863940,-94.48637745,16.55547552,0
7120864010,-97.42971844,16.46312603,0
7120864070,-93.78946513,16.4640025,0
7120864150,-93.70446865,16.38272226,0
7120864290,-97.37232686,16.40408749,0
7120864620,-97.51820194,16.38369579,0
7120864890,-91.57527705,16.39689976,0
7120864900,-92.0157553,16.35437941,0
7120865060,-97.3951488,16.31584789,0
7120865140,-93.35925304,16.21981563,0
7120865160,-97.60262318,16.32453327,0
7120865190,-97.50819532,16.2564655,0
7120865260,-91.64648243,16.3697116,0
7120865510,-93.09799081,16.14749172,0
7120865520,-93.52811839,16.17021231,0
7120865530,-93.07619322,16.06787169,0
7120865570,-93.48725328,16.09039213,0
7120865900,-92.88333714,16.02856171,0
7120866070,-92.85801243,15.94904839,0
7120866090,-93.31830281,15.980796,0
7120866100,-93.21284819,15.93863301,0
7120866120,-92.62582894,15.95696724,0
7120866230,-92.57825649,15.85217164,0
7120866360,-96.33834413,16.05448458,0
7120866380,-96.43965884,16.05020492,0
7120866390,-96.37543715,15.96430961,0
7120866680,-92.67670894,15.79840672,0
7120866720,-92.77026136,15.89044065,0
7120866740,-92.7408209,15.78261934,0
7120866760,-93.02711302,15.82571498,0
7120866790,-92.9330516,15.76144561,0
7120867440,-92.67289709,15.69882389,0
7120867500,-92.51264776,15.60194687,0
7120868000,-92.11605648,15.5015898,0
7120868010,-92.0304151,15.53005966,0
7120870980,-92.27259994,15.23642329,0
7121145980,-116.1693345,32.54148975,0
7121146370,-115.8483044,32.54756635,0
7121146960,-116.3744398,32.52880696,0
7121147060,-116.0130765,32.41179844,0
7121147410,-116.4569792,32.47061228,0
7121147420,-116.062972,32.36992704,0
7121147670,-116.2197543,32.4375302,0
7121148110,-116.3473723,32.40196977,0
7121149180,-115.7826536,32.1424793,0
7121149800,-115.7335093,32.06797797,0
7121150100,-116.4530729,32.11214142,0
7121151990,-115.8158198,31.86196046,0
7121152090,-115.9624369,31.88483773,0
7121153530,-115.8345338,31.76634729,0
7121154240,-115.4793677,31.56351199,0
7121155190,-115.498148,31.43394478,0
7121155890,-108.6814557,31.35563322,0
7121156620,-108.5574422,31.32041854,0
7121156800,-115.3934313,31.3519785,0
7121157680,-108.9214219,31.08066849,0
7121158340,-115.2272715,31.04805722,0
7121158660,-115.2332413,30.98922115,0
7121158780,-115.6291474,31.0226055,0
7121159860,-115.2961251,30.87629368,0
7121159970,-115.2095713,30.93079819,0
7121160040,-115.445435,30.92207062,0
7121160400,-115.1635415,30.86322278,0
7121160700,-115.1814178,30.77618,0
7121160950,-115.4175368,30.78579861,0
7121161280,-110.6608681,30.69697299,0
7121161850,-110.5251249,30.68509964,0
7121161910,-105.6259324,30.68703823,0
7121161950,-115.4089452,30.66189575,0
7121162290,-105.5322378,30.67143326,0
7121162820,-105.4699536,30.5919198,0
7121163250,-105.4327857,30.5245845,0
7121166570,-108.413965,29.93640933,0
7121166820,-108.9264194,29.95156113,0
7121167010,-108.9986529,29.97169935,0
7121167360,-108.305746,29.85875109,0
7121167900,-108.8853625,29.86838778,0
7121167940,-108.1412147,29.77392052,0
7121168180,-108.3670951,29.77074105,0
7121168630,-108.8557719,29.75820009,0
7121168850,-108.467719,29.59056327,0
7121169340,-102.3916005,29.53074168,0
7121170080,-102.1548849,29.3621572,0
7121170430,-101.9902105,29.28347313,0
7121170520,-108.3035493,29.29953067,0
7121170860,-102.0936338,29.21813306,0
7121170890,-108.2639121,29.23891529,0
7121170900,-102.1753461,29.25094812,0
7121170980,-101.633926,29.19315228,0
7121170990,-101.5548751,29.18296783,0
7121171030,-108.1291571,29.29632203,0
7121171120,-102.8955182,29.21842875,0
7121171240,-108.3035416,29.14865992,0
7121171290,-101.4876148,29.13364964,0
7121171390,-108.1502744,29.18555784,0
7121171530,-102.5616549,29.04925954,0
7121171580,-108.2758858,29.07805351,0
7121171620,-102.3026317,29.03063025,0
7121171860,-102.0372202,29.02582689,0
7121171970,-108.2620999,29.02944916,0
7121171990,-106.6632005,28.9913697,0
7121172040,-108.2638034,28.94442422,0
7121172110,-102.7964905,28.9672975,0
7121172270,-107.7369366,29.02459559,0
7121172380,-108.4728558,28.88116239,0
7121172480,-108.1496068,28.90602903,0
7121172770,-108.1551195,28.84945666,0
7121173500,-102.5811736,28.67086201,0
7121173780,-108.4030868,28.58964159,0
7121173810,-108.0118403,28.51628581,0
7121173830,-108.342022,28.59840486,0
7121174100,-108.2697381,28.54070701,0
7121174210,-102.592788,28.44335342,0
7121174270,-108.1943748,28.51105535,0
7121174390,-108.3500514,28.44116529,0
7121174410,-108.1539628,28.44563214,0
7121174460,-102.2312603,28.52339559,0
7121174530,-108.4464507,28.447661,0
7121174560,-102.5062875,28.46882581,0
7121174640,-108.1025912,28.39243252,0
7121174740,-102.976788,28.33236094,0
7121174860,-108.9563376,28.37836548,0
7121174890,-102.1603933,28.44287702,0
7121174960,-108.8060365,28.34748782,0
7121174970,-107.5814394,28.32160702,0
7121175020,-108.0199531,28.36282396,0
7121175070,-108.2389969,28.34643309,0
7121175080,-108.7323005,28.27822535,0
7121175220,-108.0148675,28.26643913,0
7121175270,-108.3297592,28.30622946,0
7121175310,-102.119747,28.33995183,0
7121175390,-102.0212702,28.28161825,0
7121175530,-102.9155074,28.23582698,0
7121175550,-108.4108919,28.28657008,0
7121175630,-102.9276099,28.1713031,0
7121175720,-107.5348102,28.19731035,0
7121175800,-103.1678502,28.21313537,0
7121175850,-108.1169189,28.23188038,0
7121175930,-108.2070263,28.21496482,0
7121175970,-107.8227211,28.10635211,0
7121175980,-107.2560657,28.13108537,0
7121176140,-102.2692126,28.17060697,0
7121176180,-108.2216134,28.14049387,0
7121176210,-108.6612683,28.1718367,0
7121176350,-107.7162829,28.08943101,0
7121176450,-108.0278007,28.1226771,0
7121176500,-108.2691414,28.0816916,0
7121176580,-102.3616282,28.11792804,0
7121176670,-107.8557037,27.99972703,0
7121176890,-108.2336588,27.9847967,0
7121177010,-107.4354202,27.94430967,0
7121177220,-107.7364287,27.92925975,0
7121177290,-107.4586549,27.86840313,0
7121177370,-108.1090873,27.74437808,0
7121177430,-107.3454519,27.82480918,0
7121177540,-107.7323327,27.83001785,0
7121177620,-107.2490142,27.76894982,0
7121177800,-107.7333896,27.74709755,0
7121178030,-107.4384253,27.70908477,0
7121178130,-107.9957132,27.58963117,0
7121178190,-106.9724018,27.69390226,0
7121178210,-107.6419172,27.69366514,0
7121178240,-107.8998359,27.55044604,0
7121178250,-107.2900473,27.63837202,0
7121178280,-107.417935,27.62627058,0
7121178290,-107.3443549,27.59018929,0
7121178390,-106.9582376,27.62083853,0
7121178910,-108.0824095,27.49026977,0
7121179060,-107.799513,27.50014603,0
7121179140,-108.0040357,27.42395312,0
7121179190,-107.4770912,27.37227069,0
7121179240,-107.4158402,27.35766063,0
7121179250,-101.9608473,27.33084672,0
7121179270,-107.3426159,27.37708077,0
7121179440,-107.3055303,27.35375412,0
7121179460,-107.9852039,27.33368597,0
7121179530,-106.9801668,27.28591429,0
7121179630,-106.7245146,27.21656199,0
7121179660,-108.6768312,27.25571911,0
7121179710,-107.8549792,27.26974564,0
7121179750,-107.6797804,27.26067148,0
7121179790,-102.4387603,27.18879828,0
7121179810,-107.9374459,27.2482303,0
7121179870,-102.551668,27.19344574,0
7121180000,-106.6940448,27.15705717,0
7121180030,-106.8401482,27.14250061,0
7121180090,-107.6755537,27.18944562,0
7121180150,-107.198616,27.0556194,0
7121180220,-107.0357568,27.09205064,0
7121180280,-106.6892235,27.06543039,0
7121180420,-107.3783871,26.96582673,0
7121180460,-107.0119938,26.98509074,0
7121180530,-108.6598239,27.08715322,0
7121180580,-102.1116997,27.06193134,0
7121180700,-106.9107843,26.94444269,0
7121180780,-102.7255067,27.07764467,0
7121180820,-107.0490459,26.91694741,0
7121180850,-107.6958931,27.00534554,0
7121180920,-107.2230382,26.91478371,0
7121180940,-107.4868861,26.97854168,0
7121180960,-102.402921,26.9767956,0
7121181010,-102.483422,26.91647339,0
7121181020,-106.4943041,26.90208786,0
7121181030,-105.9173904,26.85845732,0
7121181070,-107.6675873,26.93558197,0
7121181080,-108.0670292,26.86115289,0
7121181110,-107.1806706,26.79963,0
7121181170,-107.5093169,26.89911848,0
7121181180,-106.708511,26.89878469,0
7121181240,-105.8062685,26.79006322,0
7121181370,-106.2962889,26.70452098,0
7121181420,-106.7483339,26.78321381,0
7121181450,-107.0710947,26.83910705,0
7121181540,-106.7235767,26.68730987,0
7121181590,-107.4191692,26.73774031,0
7121181650,-105.9793081,26.75516798,0
7121181710,-108.073547,26.71949731,0
7121181720,-106.4501069,26.600988,0
7121181780,-106.000691,26.66242763,0
7121181820,-102.5296112,26.71268094,0
7121181870,-102.0795233,26.65291046,0
7121181890,-108.0536899,26.63291425,0
7121181910,-107.2430831,26.63075305,0
7121182060,-105.8646114,26.57411501,0
7121182100,-107.3699282,26.53895083,0
7121182120,-107.9734892,26.58138554,0
7121182250,-106.0902193,26.4866463,0
7121182260,-105.8156848,26.54324016,0
7121182270,-101.7013785,26.48667861,0
7121182300,-102.9893842,26.59107964,0
7121182320,-106.0042824,26.44555298,0
7121182400,-101.607298,26.47550419,0
7121182410,-107.5590325,26.49666707,0
7121182490,-106.5221825,26.52447958,0
7121182510,-107.2807609,26.44238844,0
7121182580,-107.1230355,26.44203526,0
7121182610,-107.5225456,26.44468635,0
7121182650,-107.9624708,26.3909545,0
7121182720,-107.4965819,26.39697683,0
7121182750,-107.7325257,26.49164664,0
7121182830,-101.4302287,26.38899479,0
7121182870,-107.3969927,26.39964383,0
7121182890,-107.1079855,26.3731703,0
7121182930,-107.6822723,26.41245926,0
7121182950,-105.9037472,26.41599873,0
7121183050,-107.7718138,26.41066896,0
7121183060,-107.0239004,26.35231198,0
7121183090,-106.7557842,26.27878899,0
7121183110,-101.1800383,26.30696727,0
7121183130,-106.3957191,26.38421406,0
7121183140,-107.2648881,26.35874094,0
7121183150,-106.1345907,26.26216507,0
7121183210,-100.3701003,26.25805866,0
7121183260,-107.0839093,26.23114095,0
7121183280,-106.0330156,26.29457458,0
7121183320,-101.5261353,26.33614374,0
7121183340,-107.484995,26.29194312,0
7121183400,-106.9989981,26.24479009,0
7121183410,-101.5779668,26.32391057,0
7121183450,-107.198787,26.28243282,0
7121183490,-105.9221475,26.30400465,0
7121183500,-106.7455679,26.18336696,0
7121183530,-106.9695517,26.23062638,0
7121183580,-107.3818158,26.26892852,0
7121183630,-106.939863,26.18182558,0
7121183680,-107.9546222,26.24250702,0
7121183700,-107.361894,26.19653754,0
7121183770,-106.3606712,26.10364165,0
7121183800,-100.4876908,26.17624416,0
7121183820,-106.0529981,26.17607129,0
7121183870,-106.158074,26.10289133,0
7121183940,-107.3078595,26.1562168,0
7121183960,-106.0237664,26.09051171,0
7121184010,-101.5694567,26.03641021,0
7121184110,-106.187311,26.03108463,0
7121184230,-105.885849,26.0063008,0
7121184390,-106.469896,26.00700937,0
7121184480,-105.806165,25.92597892,0
7121184570,-100.4369595,25.94687268,0
7121184710,-106.0823599,25.9381957,0
7121184740,-107.0609501,25.90028092,0
7121184750,-106.494824,25.91134783,0
7121184780,-107.04514,25.818853,0
7121184810,-106.3683268,25.91819135,0
7121184930,-107.0000974,25.74466451,0
7121184970,-100.5481826,25.80705045,0
7121184990,-101.7304627,25.83365231,0
7121185010,-106.5605304,25.8457778,0
7121185020,-107.755163,25.75765136,0
7121185060,-106.6949768,25.83640241,0
7121185260,-100.7046294,25.66524246,0
7121185330,-107.5120503,25.74518743,0
7121185350,-105.8874413,25.59278922,0
7121185390,-107.5962768,25.75927884,0
7121185430,-107.1076432,25.68718081,0
7121185630,-106.8628612,25.56002222,0
7121185640,-105.5235397,25.58306178,0
7121185650,-100.7802541,25.54976677,0
7121185670,-107.3066469,25.60497391,0
7121185680,-102.3894472,25.51290019,0
7121185920,-107.0630304,25.47888152,0
7121185940,-105.4643402,25.45750957,0
7121185950,-101.6312123,25.35585949,0
7121185990,-106.9719959,25.51417644,0
7121186010,-102.0630613,25.3737949,0
7121186020,-101.2089502,25.46958986,0
7121186130,-101.0546128,25.33584683,0
7121186140,-100.325808,25.38458027,0
7121186150,-100.4481811,25.3831044,0
7121186160,-100.6342353,25.40357114,0
7121186320,-105.3784122,25.33491147,0
7121186360,-106.5054178,25.29108341,0
7121186370,-101.8517873,25.29165983,0
7121186460,-101.2895861,25.28224799,0
7121186470,-100.6512861,25.32566369,0
7121186480,-107.0828525,25.26998238,0
7121186500,-100.5356232,25.27416152,0
7121186520,-100.4459628,25.30136255,0
7121186540,-101.2481453,25.24968395,0
7121186560,-106.637291,25.26189641,0
7121186620,-105.4883786,25.28413658,0
7121186640,-101.1894182,25.22257072,0
7121186670,-101.6049785,25.20214338,0
7121186680,-102.173208,25.25834763,0
7121186720,-101.1428791,25.17850391,0
7121186730,-100.968052,25.24688874,0
7121186780,-102.127158,25.20156693,0
7121186790,-101.0543571,25.18023491,0
7121186800,-106.7825154,25.23943674,0
7121186810,-100.7990785,25.21396401,0
7121186860,-101.7850357,25.19015426,0
7121186890,-106.5441712,25.16746856,0
7121186920,-106.6461023,25.15940723,0
7121186940,-102.0447044,25.19923085,0
7121186950,-106.818518,25.16911042,0
7121187060,-100.3923902,25.13688798,0
7121187090,-103.2694582,25.09360905,0
7121187120,-101.6373713,25.09042848,0
7121187130,-101.4288375,25.10420835,0
7121187140,-100.2934199,25.07276121,0
7121187150,-101.5179124,25.07859386,0
7121187180,-105.2067664,25.0426176,0
7121187210,-100.008878,25.02770297,0
7121187230,-106.5585997,25.02033915,0
7121187250,-101.686153,24.99915506,0
7121187280,-105.1393523,25.04330673,0
7121187450,-101.3642186,24.9918173,0
7121187460,-100.2381167,24.96391425,0
7121187480,-105.0809357,24.87686271,0
7121187560,-101.6256497,24.9365551,0
7121187610,-101.5374908,24.95561209,0
7121187650,-101.5496358,24.88027693,0
7121187660,-101.2509717,24.93434753,0
7121187670,-100.3949689,24.86142708,0
7121187680,-106.6727339,24.88440275,0
7121187730,-101.4072027,24.92112802,0
7121187760,-100.0061197,24.83266453,0
7121187770,-101.0234641,24.92313301,0
7121187780,-101.2106936,24.86124525,0
7121187790,-100.3290856,24.84620969,0
7121187900,-101.3613294,24.83308687,0
7121187930,-100.3016218,24.78074934,0
7121187970,-98.66459035,24.71055744,0
7121188030,-101.4192782,24.72065163,0
7121188050,-106.3230232,24.7885852,0
7121188120,-100.2663454,24.71395869,0
7121188190,-101.2809037,24.66860459,0
7121188260,-106.0910284,24.68658125,0
7121188270,-100.895142,24.64111497,0
7121188290,-100.4558367,24.71071089,0
7121188320,-100.8933263,24.61360132,0
7121188330,-106.3018718,24.67295302,0
7121188340,-101.1851839,24.61303013,0
7121188380,-101.5457355,24.63282751,0
7121188480,-106.2568609,24.57707149,0
7121188580,-101.133166,24.53098166,0
7121188600,-99.67398135,24.51435837,0
7121188620,-101.2710481,24.52285045,0
7121188710,-101.1861682,24.42248959,0
7121188730,-100.8745217,24.53168798,0
7121188740,-106.3518167,24.44612511,0
7121188750,-101.6634967,24.46482568,0
7121188770,-101.3887962,24.51008792,0
7121188780,-106.2288107,24.43203628,0
7121188820,-106.4628051,24.4653208,0
7121188840,-100.2434842,24.47711978,0
7121189070,-101.5148712,24.38126977,0
7121189090,-99.91826531,24.42599648,0
7121189150,-106.2794936,24.34791903,0
7121189220,-106.1296323,24.26994672,0
7121189260,-101.0977576,24.24914831,0
7121189280,-103.7267577,24.18390598,0
7121189430,-104.0163919,24.15838243,0
7121189440,-101.0098822,24.19360925,0
7121189500,-103.6724371,24.08451074,0
7121189580,-101.1443652,24.11722543,0
7121189640,-106.0391998,24.05914801,0
7121189740,-103.7745836,23.94250816,0
7121189770,-99.54583079,23.93654219,0
7121189880,-105.6388981,23.95449985,0
7121189950,-105.7594627,23.85133183,0
7121190000,-99.66008797,23.88758471,0
7121190030,-105.8630222,23.90695071,0
7121190110,-105.4078713,23.75244852,0
7121190130,-99.79792581,23.80592129,0
7121190160,-99.73416179,23.76524744,0
7121190290,-99.94611632,23.79209511,0
7121190410,-99.99391794,23.71675913,0
7121190490,-105.6655648,23.67416702,0
7121190500,-105.5473991,23.68092384,0
7121190510,-100.965923,23.5808783,0
7121190540,-105.3367415,23.64929706,0
7121190590,-100.1953532,23.62817509,0
7121190630,-105.9014685,23.53569635,0
7121190700,-105.763554,23.60747259,0
7121190710,-99.84057459,23.57298198,0
7121190770,-103.9596283,23.46985355,0
7121190780,-105.4162913,23.50634718,0
7121190860,-103.925764,23.41464808,0
7121190940,-100.9914804,23.37162399,0
7121190980,-101.2275684,23.3917847,0
7121191050,-105.4443371,23.39066873,0
7121191070,-105.7248559,23.41675159,0
7121191090,-103.5077388,23.36062867,0
7121191110,-103.4179816,23.39404784,0
7121191130,-105.5298643,23.3854324,0
7121191160,-99.72900015,23.39801149,0
7121191190,-99.88023093,23.38196001,0
7121191200,-105.0089733,23.34802401,0
7121191240,-105.2603965,23.37951413,0
7121191270,-105.1029144,23.31951412,0
7121191280,-104.7733282,23.31728609,0
7121191300,-99.90927884,23.29643023,0
7121191330,-105.1256797,23.24621649,0
7121191390,-103.5120611,23.22063544,0
7121191400,-103.5930194,23.15159537,0
7121191410,-105.3311079,23.21769871,0
7121191420,-105.0533765,23.21571469,0
7121191460,-103.4393014,23.15204287,0
7121191490,-104.684008,23.17755394,0
7121191520,-105.2515159,23.17885609,0
7121191550,-99.66033274,23.19597405,0
7121191590,-99.32154829,23.17727888,0
7121191600,-103.6416185,23.04784019,0
7121191660,-104.4733862,23.01829328,0
7121191670,-104.6032914,23.01016078,0
7121191700,-105.0517089,23.13908993,0
7121191840,-99.64148641,23.02779187,0
7121191870,-99.80794099,23.05930897,0
7121191880,-99.92327269,23.03274264,0
7121191900,-103.4924602,23.04253072,0
7121191990,-104.7932271,22.97019691,0
7121192160,-104.665192,22.91280776,0
7121192170,-104.1706503,22.91361666,0
7121192230,-104.2864079,22.95718479,0
7121192240,-103.1863966,22.78361774,0
7121192480,-104.3061345,22.77353178,0
7121192620,-105.1265058,22.75034278,0
7121192760,-105.2501869,22.64509897,0
7121192840,-103.041507,22.68383117,0
7121193020,-105.1242596,22.61126565,0
7121193820,-101.2580723,22.20109484,0
7121194080,-101.0469036,22.07368497,0
7121194190,-101.1162359,22.07818623,0
7121194240,-104.0357401,22.09029074,0
7121194280,-104.7831676,22.08971146,0
7121194500,-100.5414783,21.93639929,0
7121194520,-101.2172568,22.00506872,0
7121194680,-101.2145318,21.89654075,0
7121194730,-101.1298193,21.93414558,0
7121194780,-101.1309263,21.85528581,0
7121194870,-100.9861579,21.83300256,0
7121194890,-100.3779717,21.82723754,0
7121194960,-100.5359984,21.82537379,0
7121195050,-100.953469,21.70497609,0
7121195080,-104.9984929,21.60178534,0
7121195170,-100.9417937,21.63250388,0
7121195230,-100.7993064,21.68594274,0
7121195260,-101.07566,21.67953488,0
7121195400,-100.7905303,21.61101241,0
7121195430,-101.0361504,21.60784612,0
7121195450,-101.1422611,21.60926974,0
7121195470,-101.0566664,21.5309265,0
7121195480,-100.7989101,21.55141558,0
7121195650,-104.8910539,21.4811178,0
7121195700,-101.739552,21.52950007,0
7121195790,-104.8437319,21.42137875,0
7121196010,-103.9329477,21.34542404,0
7121196230,-103.9628928,21.28690261,0
7121196590,-99.18230059,21.12864002,0
7121196640,-100.1387561,21.08369256,0
7121196890,-98.95753453,21.01870377,0
7121196950,-99.49537161,20.97419613,0
7121196960,-99.02323755,20.99793445,0
7121197020,-99.61976502,21.02334049,0
7121197090,-98.85590425,20.95143526,0
7121197320,-99.2782974,20.88304691,0
7121197470,-104.8308605,20.84266803,0
7121197590,-104.9259992,20.77381376,0
7121197600,-98.95984941,20.84732945,0
7121197670,-104.7745659,20.72857224,0
7121197690,-99.16566514,20.74710294,0
7121197800,-99.25387296,20.7340906,0
7121197910,-98.47133653,20.67827886,0
7121197940,-99.34373683,20.70465948,0
7121198060,-104.9317973,20.66183957,0
7121198140,-98.53792864,20.59807508,0
7121198240,-105.0590495,20.56441599,0
7121198330,-98.45152377,20.51066817,0
7121198390,-99.02657617,20.5191106,0
7121198440,-104.7760768,20.57989702,0
7121198450,-99.26928413,20.53305352,0
7121198540,-98.56757162,20.50256988,0
7121198550,-98.22422419,20.48074392,0
7121198570,-105.0063019,20.45262939,0
7121198590,-104.9113523,20.43114519,0
7121198630,-105.0964568,20.43957064,0
7121198730,-98.83691753,20.46132661,0
7121198750,-98.35446873,20.40708706,0
7121198790,-98.5079838,20.38821926,0
7121198820,-105.1928324,20.38384091,0
7121198880,-98.83366,20.38047321,0
7121198970,-98.24469493,20.3612749,0
7121199100,-105.4006586,20.35448209,0
7121199350,-98.66906741,20.20890078,0
7121199440,-97.9280196,20.19822556,0
7121199470,-98.30581987,20.18180051,0
7121199610,-105.3127864,20.24876339,0
7121199650,-98.42880947,20.12206076,0
7121200040,-98.12395761,20.00829197,0
7121200200,-98.63699028,19.98502745,0
7121200280,-97.60554843,19.85458798,0
7121200580,-99.51366868,19.74469331,0
7121200610,-97.92046535,19.77318411,0
7121200670,-98.08419349,19.74634696,0
7121200700,-97.29347255,19.69381074,0
7121200740,-98.18318735,19.78132258,0
7121200840,-97.09847762,19.69692889,0
7121200880,-99.68026369,19.77385684,0
7121200890,-97.69458291,19.67356554,0
7121200940,-98.72301575,19.70994504,0
7121200990,-97.16227276,19.60869659,0
7121201160,-96.99376664,19.6688156,0
7121201200,-99.41181016,19.58251195,0
7121201230,-98.1039333,19.63396402,0
7121201340,-98.74572561,19.53253261,0
7121201360,-97.60254905,19.62946958,0
7121201370,-97.24966069,19.56883541,0
7121201380,-98.15936527,19.5819452,0
7121201400,-97.960881,19.53731052,0
7121201420,-100.1396857,19.56023034,0
7121201590,-97.39958464,19.55252408,0
7121201650,-98.03960332,19.48187606,0
7121201670,-97.62548255,19.41768303,0
7121201750,-99.91547767,19.35598712,0
7121201760,-99.33981182,19.36876676,0
7121201800,-98.09714299,19.43237795,0
7121201850,-100.0939718,19.4176549,0
7121201860,-97.97343206,19.39107047,0
7121201900,-97.91440119,19.40013725,0
7121201950,-97.37632644,19.29002584,0
7121202030,-97.87420949,19.37967322,0
7121202090,-97.87775233,19.30400228,0
7121202190,-97.22107333,19.25731211,0
7121202350,-97.70194078,19.14382808,0
7121202440,-100.0143079,19.17715279,0
7121202450,-98.83684066,19.13874126,0
7121202600,-99.62801807,19.11486014,0
7121202620,-98.70477412,19.11989307,0
7121202630,-97.1981172,19.13065389,0
7121202670,-98.17862373,19.16388605,0
7121202810,-98.57151901,19.08536008,0
7121202930,-98.07400775,19.09355634,0
7121203000,-97.44768487,19.01324608,0
7121203040,-100.0360261,19.03276532,0
7121203050,-98.22278379,19.0839798,0
7121203060,-97.11169714,19.06255279,0
7121203070,-98.78541842,19.06049121,0
7121203080,-99.27869789,19.12362514,0
7121203160,-99.0695462,19.06948463,0
7121203190,-99.81827407,19.04962762,0
7121203240,-99.57151631,19.00407822,0
7121203320,-97.13210757,18.99316515,0
7121203330,-99.26645575,19.04038697,0
7121203350,-98.42845175,19.03313288,0
7121203440,-99.15379647,19.01206704,0
7121203530,-99.91993033,18.93324083,0
7121203670,-103.3791084,18.75754013,0
7121203700,-97.36153165,18.90680027,0
7121203810,-99.34090148,18.8865617,0
7121203990,-98.71201709,18.8596487,0
7121204010,-102.8817412,18.72735481,0
7121204150,-97.18121124,18.63492231,0
7121204290,-97.02683042,18.62695759,0
7121204540,-97.10419429,18.54071729,0
7121204590,-103.4919003,18.64321727,0
7121204800,-99.96582423,18.54654633,0
7121204890,-99.99410696,18.48961718,0
7121204980,-103.2148516,18.53340207,0
7121205040,-102.3821236,18.5314819,0
7121205050,-99.59432389,18.54323346,0
7121205160,-102.551739,18.48840249,0
7121205300,-102.6320949,18.43696697,0
7121205350,-96.89526667,18.37439381,0
7121205380,-103.2506079,18.46065089,0
7121205390,-102.4302532,18.46020411,0
7121205440,-103.1091887,18.44951931,0
7121205500,-97.19021331,18.475461,0
7121205600,-97.30119145,18.50335714,0
7121205660,-102.3471328,18.42701486,0
7121205800,-97.00064817,18.33400782,0
7121205820,-102.4813121,18.37743838,0
7121206070,-102.54887,18.31701945,0
7121206080,-102.318814,18.31764266,0
7121206450,-101.1726474,18.20403299,0
7121206550,-102.3236568,18.21834978,0
7121206890,-101.3039463,18.13684907,0
7121207020,-101.2263254,18.06769484,0
7121207090,-101.4338319,18.05747479,0
7121207630,-100.9476893,17.84568333,0
7121207650,-101.0726672,17.84746163,0
7121207870,-100.8683204,17.77771867,0
7121207990,-101.1870816,17.84882617,0
7121208170,-100.3924319,17.7242589,0
7121208390,-100.4141623,17.64740025,0
7121208470,-101.0375771,17.72990296,0
7121208570,-96.68707606,17.67305772,0
7121208670,-96.65824711,17.61725311,0
7121208710,-100.2166375,17.58170047,0
7121208740,-99.94070677,17.57666462,0
7121208750,-100.334753,17.57946343,0
7121208800,-97.59400515,17.56435024,0
7121208830,-96.61875143,17.58191188,0
7121208840,-96.3979819,17.57750821,0
7121209040,-100.1132521,17.51810599,0
7121209080,-96.58113257,17.55419403,0
7121209110,-96.45253677,17.48567952,0
7121209190,-96.79753459,17.52550704,0
7121209310,-96.83818263,17.4539129,0
7121209330,-99.50332313,17.51203084,0
7121209400,-98.26925274,17.43529867,0
7121209460,-98.14793057,17.38312789,0
7121209510,-96.79408472,17.39028395,0
7121209560,-98.3455069,17.34912552,0
7121209680,-98.25167101,17.32552502,0
7121209700,-100.2197877,17.44635168,0
7121209810,-100.0032881,17.42363032,0
7121209820,-98.06931724,17.30651353,0
7121209930,-97.98837601,17.27188174,0
7121209950,-99.45041025,17.38047828,0
7121210000,-99.55321394,17.36551304,0
7121210030,-99.97919711,17.31909623,0
7121210130,-99.83273289,17.22333396,0
7121210160,-99.8875814,17.27691878,0
7121210310,-97.10316301,17.24917307,0
7121210340,-96.84079465,17.19742077,0
7121210500,-92.89736614,17.13389602,0
7121210760,-96.35193231,17.06773589,0
7121210810,-92.94344265,17.08418729,0
7121210820,-99.78611252,17.10764232,0
7121210900,-91.55986006,16.94400445,0
7121210940,-92.31730156,16.99211823,0
7121210950,-92.89097819,16.97840783,0
7121211020,-97.66441787,17.03893259,0
7121211150,-97.73370874,16.97580221,0
7121211160,-91.47046784,16.83621366,0
7121211270,-97.97571495,16.91635973,0
7121211280,-97.46963331,16.89878873,0
7121211330,-91.96344961,16.83351227,0
7121211350,-97.86550631,16.85744688,0
7121211370,-96.93264556,16.87305204,0
7121211430,-97.99415714,16.82910737,0
7121211440,-97.03747517,16.79089514,0
7121211470,-94.85259612,16.73214549,0
7121211490,-96.13002655,16.81381626,0
7121211570,-91.5266742,16.81516441,0
7121211590,-93.99112454,16.70050149,0
7121211610,-97.72028979,16.77025855,0
7121211670,-97.347623,16.76076909,0
7121211680,-94.72778937,16.71967047,0
7121211690,-94.56814321,16.72820604,0
7121211700,-92.45923899,16.6837297,0
7121211720,-93.81139667,16.7034281,0
7121211760,-91.91942965,16.70018532,0
7121211890,-97.13750492,16.67656688,0
7121211900,-94.35451765,16.70246048,0
7121211910,-93.82312412,16.60609922,0
7121211990,-97.38585362,16.60282694,0
7121212060,-94.44257032,16.66142855,0
7121212160,-92.47078577,16.58139251,0
7121212180,-94.56513952,16.58235452,0
7121212190,-93.64364986,16.46767194,0
7121212310,-93.83884609,16.39079829,0
7121212320,-92.0328675,16.47723839,0
7121212380,-92.3816428,16.49048812,0
7121212390,-93.49143885,16.35998856,0
7121212400,-97.28774842,16.35032046,0
7121212480,-93.5451272,16.30077977,0
7121212570,-93.42885772,16.29906517,0
7121212610,-92.22928065,16.41261819,0
7121212640,-93.61256807,16.33220472,0
7121212750,-94.02176814,16.37048765,0
7121212760,-91.76267893,16.30363885,0
7121212910,-93.01852796,16.1963086,0
7121212990,-92.9437712,16.0955029,0
7121213000,-93.34243665,16.10437108,0
7121213020,-93.19399463,16.09035144,0
7121213140,-93.42122536,16.01851584,0
7121213170,-93.01546912,16.0072796,0
7121213320,-93.09722552,15.926473,0
7121213330,-92.9627254,15.91676301,0
7121213510,-92.82539448,15.76693716,0
7121213910,-92.14175623,15.62334485,0
7121214030,-92.61973071,15.56229018,0
7121214880,-92.30985669,15.3026557,0